{"cameraMode":{"drawMode":0,"name":"Shaded","section":"Shading Mode"},"sceneLighting":true,"audioPlay":false,"sceneViewState":{"showFog":true,"showMaterialUpdate":false,"showSkybox":false,"showFlares":true,"showImageEffects":true,"showParticleSystems":true},"in2DMode":false,"pivot":{"x":-4.407329559326172,"y":1.1140857934951783,"z":8.915279388427735},"rotation":{"x":0.03625078126788139,"y":0.22207316756248475,"z":0.008268993347883225,"w":-0.9743281602859497},"size":6.331441402435303,"orthographic":false}